sweep,group,seed,model,dataset,basis,solver,params,lr,epochs,dt,substeps,noise_std,best_epoch,nfe_per_traj,lipschitz,time_sec,git_sha,train_mse,extrap_mse,full_mse,extrap_r2,extrap_rel_l2
ablation_activations,basis_bspline,42,kan,lotka_volterra,bspline,tsit5,240,0.002,10000,0.1,2,0.0,10000,1680,8.444144248962402,6679.628783226013,163492a,7.20020616427064e-05,8.242108742706478e-05,7.976091001182795e-05,0.9999716877937317,0.003163495333865285
ablation_activations,basis_chebyshev,42,kan,lotka_volterra,chebyshev,tsit5,240,0.002,10000,0.1,2,0.0,9987,1680,6.482398986816406,2316.8917376995087,163492a,9.67827727436088e-05,0.00019793162937276065,0.00017210640362463892,0.999932050704956,0.004902364686131477
ablation_activations,basis_iqf,42,kan,lotka_volterra,iqf,tsit5,240,0.002,10000,0.1,2,0.0,9942,1680,7.162724494934082,1823.7354061603546,163492a,0.00023168345796875656,0.0004007295938208699,0.0003575688460841775,0.9998624324798584,0.006975473836064339
ablation_activations,basis_lagrange,42,kan,lotka_volterra,lagrange,tsit5,240,0.002,10000,0.1,2,0.0,9998,1680,6.702259063720703,6828.577307939529,163492a,0.0001167966693174094,0.00016613845946267247,0.0001535405608592555,0.99994295835495,0.004491413943469524
ablation_activations,basis_newton,42,kan,lotka_volterra,newton,tsit5,240,0.002,10000,0.1,2,0.0,10000,1680,5.653631210327148,2187.277847290039,163492a,0.0014685338828712702,0.036566466093063354,0.027605291455984116,0.9874488711357117,0.06663302332162857
ablation_activations,basis_rbf,42,kan,lotka_volterra,rbf,tsit5,240,0.002,10000,0.1,2,0.0,10000,1680,6.907717704772949,1712.4570903778076,163492a,8.828433783492073e-05,8.701431943336502e-05,8.733857976039872e-05,0.9999701380729675,0.0032504491973668337
ablation_activations,basis_rswaf,42,kan,lotka_volterra,rswaf,tsit5,240,0.002,10000,0.1,2,0.0,10000,1680,8.720882415771484,1715.1240139007568,163492a,0.00010026992822531611,0.001461167586967349,0.0011137041728943586,0.9994984865188599,0.01331980898976326
ablation_solvers,solver_dopri5,42,kan,lotka_volterra,rbf,dopri5,240,0.002,10000,0.1,2,0.0,9989,1680,6.893169403076172,1699.3172137737274,163492a,0.00010330555232940242,0.00018348019511904567,0.00016301007417496294,0.9999369978904724,0.004720006138086319
ablation_solvers,solver_euler,42,kan,lotka_volterra,rbf,euler,240,0.002,10000,0.1,2,0.0,10000,280,8.551480293273926,253.7037501335144,163492a,0.00013765896437689662,0.002498371060937643,0.001895636087283492,0.9991424679756165,0.017417123541235924
ablation_solvers,solver_heun,42,kan,lotka_volterra,rbf,heun,240,0.002,10000,0.1,2,0.0,10000,560,7.066560745239258,499.1152997016907,163492a,8.312095451401547e-05,0.00030626304214820266,0.0002492905769031495,0.9998948574066162,0.006098111160099506
ablation_solvers,solver_midpoint,42,kan,lotka_volterra,rbf,midpoint,240,0.002,10000,0.1,2,0.0,9995,560,6.955227375030518,498.24525260925293,163492a,8.852984319673851e-05,9.238212805939838e-05,9.139855683315545e-05,0.9999682903289795,0.0033492068760097027
ablation_solvers,solver_rk4,42,kan,lotka_volterra,rbf,rk4,240,0.002,10000,0.1,2,0.0,9995,1120,6.875485897064209,1018.5185027122498,163492a,9.397595567861572e-05,9.244873217539862e-05,9.283865801990032e-05,0.9999682903289795,0.0033504143357276917
ablation_solvers,solver_tsit5,42,kan,lotka_volterra,rbf,tsit5,240,0.002,10000,0.1,2,0.0,10000,1680,6.907717704772949,1711.534981250763,163492a,8.828433783492073e-05,8.701431943336502e-05,8.733857976039872e-05,0.9999701380729675,0.0032504491973668337
.,kanode_bspline,42,kan,lotka_volterra,bspline,rk4,240,0.002,10000,0.1,2,0.0,10000,1120,8.439305305480957,4264.569758653641,163492a,7.252805517055094e-05,8.104134758468717e-05,7.886774255894125e-05,0.9999721646308899,0.003136904677376151
.,kanode_flagship,42,kan,lotka_volterra,rbf,tsit5,240,0.002,10000,0.1,2,0.0,10000,1680,6.907717704772949,1704.7672119140625,163492a,8.828433783492073e-05,8.701431943336502e-05,8.733857976039872e-05,0.9999701380729675,0.0032504491973668337
.,mlpode_baseline,42,mlp,lotka_volterra,none,tsit5,252,0.002,10000,0.1,2,0.0,10000,1680,38.22251892089844,735.8920404911041,163492a,1.0826551914215088,1.6838513612747192,1.5303544998168945,0.42203229665756226,0.4521680772304535
.,mlpode_baseline_silu,42,mlp,lotka_volterra,none,tsit5,252,0.002,10000,0.1,2,0.0,9873,1680,5.073265075683594,2856.071534395218,9bcbfaf,9.803579450817779e-05,0.00028108773403801024,0.00023435105686075985,0.9999035000801086,0.0058420998975634575
noise,sigma0,42,kan,lotka_volterra,rbf,tsit5,240,0.002,10000,0.1,2,0.0,10000,1680,6.907717704772949,1708.2828242778778,163492a,8.828433783492073e-05,8.701431943336502e-05,8.733857976039872e-05,0.9999701380729675,0.0032504491973668337
noise,sigma0.01,42,kan,lotka_volterra,rbf,tsit5,240,0.002,10000,0.1,2,0.01,10000,1680,7.181065082550049,1686.3549492359161,163492a,0.0001223296276293695,0.0011945139849558473,0.000920764752663672,0.9995899796485901,0.012043246999382973
noise,sigma0.05,42,kan,lotka_volterra,rbf,tsit5,240,0.002,10000,0.1,2,0.05,9998,1680,8.69103717803955,1671.6149578094482,163492a,0.0007372710388153791,0.024740034714341164,0.018611671403050423,0.9915081858634949,0.05480853095650673
noise,sigma0.1,42,kan,lotka_volterra,rbf,tsit5,240,0.002,10000,0.1,2,0.1,9996,1680,9.54536247253418,1533.7913837432861,163492a,0.002266250317916274,0.1337018758058548,0.10014383494853973,0.954107940196991,0.12741388380527496
.,pendulum,42,kan,damped_pendulum,rbf,tsit5,240,0.002,10000,0.05,2,0.0,10000,2400,116.78923797607422,5494.3755803108215,9bcbfaf,0.3107336461544037,1.0286855697631836,0.8107995986938477,-1.046114444732666,1.4280459880828857
.,sir,42,kan,sir,rbf,tsit5,360,0.002,10000,0.5,2,0.0,5940,1920,2.001256227493286,5438.802693843842,9bcbfaf,0.049807872623205185,0.2646356225013733,0.18324127793312073,-55.22014236450195,0.9966714978218079
stepsize,dt0.05,42,kan,lotka_volterra,rbf,tsit5,240,0.002,10000,0.05,2,0.0,10000,3360,7.463673114776611,3425.351720571518,163492a,9.36435317271389e-05,0.000136291011585854,0.0001255153038073331,0.9999532699584961,0.0040687513537704945
stepsize,dt0.1,42,kan,lotka_volterra,rbf,tsit5,240,0.002,10000,0.1,2,0.0,10000,1680,6.907717704772949,1713.1821405887604,163492a,8.828433783492073e-05,8.701431943336502e-05,8.733857976039872e-05,0.9999701380729675,0.0032504491973668337
stepsize,dt0.2,42,kan,lotka_volterra,rbf,tsit5,240,0.002,10000,0.2,2,0.0,9970,840,6.639333724975586,882.0205390453339,163492a,0.0013991271844133735,0.007748978678137064,0.006049721967428923,0.9973463416099548,0.030532412230968475
