sweep,config,n_seeds,model,dataset,basis,solver,params,lr,epochs,dt,substeps,noise_std,git_sha,train_mse_mean,train_mse_std,extrap_mse_mean,extrap_mse_std,full_mse_mean,full_mse_std,extrap_r2_mean,extrap_r2_std,extrap_rel_l2_mean,extrap_rel_l2_std,time_sec_mean,time_sec_std,lipschitz_mean,lipschitz_std,nfe_per_traj_mean,nfe_per_traj_std
.,kanode_bspline,1,kan,lotka_volterra,bspline,rk4,240,0.002,10000,0.1,2,0.0,163492a,7.252805517055094e-05,0.0,8.104134758468717e-05,0.0,7.886774255894125e-05,0.0,0.9999721646308899,0.0,0.003136904677376151,0.0,4264.569758653641,0.0,8.439305305480957,0.0,1120,0.0
.,kanode_flagship,1,kan,lotka_volterra,rbf,tsit5,240,0.002,10000,0.1,2,0.0,163492a,8.828433783492073e-05,0.0,8.701431943336502e-05,0.0,8.733857976039872e-05,0.0,0.9999701380729675,0.0,0.0032504491973668337,0.0,1704.7672119140625,0.0,6.907717704772949,0.0,1680,0.0
.,mlpode_baseline,1,mlp,lotka_volterra,none,tsit5,252,0.002,10000,0.1,2,0.0,163492a,1.0826551914215088,0.0,1.6838513612747192,0.0,1.5303544998168945,0.0,0.42203229665756226,0.0,0.4521680772304535,0.0,735.8920404911041,0.0,38.22251892089844,0.0,1680,0.0
ablation_activations,basis_bspline,1,kan,lotka_volterra,bspline,tsit5,240,0.002,10000,0.1,2,0.0,163492a,7.20020616427064e-05,0.0,8.242108742706478e-05,0.0,7.976091001182795e-05,0.0,0.9999716877937317,0.0,0.003163495333865285,0.0,6679.628783226013,0.0,8.444144248962402,0.0,1680,0.0
ablation_activations,basis_chebyshev,1,kan,lotka_volterra,chebyshev,tsit5,240,0.002,10000,0.1,2,0.0,163492a,9.67827727436088e-05,0.0,0.00019793162937276065,0.0,0.00017210640362463892,0.0,0.999932050704956,0.0,0.004902364686131477,0.0,2316.8917376995087,0.0,6.482398986816406,0.0,1680,0.0
ablation_activations,basis_iqf,1,kan,lotka_volterra,iqf,tsit5,240,0.002,10000,0.1,2,0.0,163492a,0.00023168345796875656,0.0,0.0004007295938208699,0.0,0.0003575688460841775,0.0,0.9998624324798584,0.0,0.006975473836064339,0.0,1823.7354061603546,0.0,7.162724494934082,0.0,1680,0.0
ablation_activations,basis_lagrange,1,kan,lotka_volterra,lagrange,tsit5,240,0.002,10000,0.1,2,0.0,163492a,0.0001167966693174094,0.0,0.00016613845946267247,0.0,0.0001535405608592555,0.0,0.99994295835495,0.0,0.004491413943469524,0.0,6828.577307939529,0.0,6.702259063720703,0.0,1680,0.0
ablation_activations,basis_newton,1,kan,lotka_volterra,newton,tsit5,240,0.002,10000,0.1,2,0.0,163492a,0.0014685338828712702,0.0,0.036566466093063354,0.0,0.027605291455984116,0.0,0.9874488711357117,0.0,0.06663302332162857,0.0,2187.277847290039,0.0,5.653631210327148,0.0,1680,0.0
ablation_activations,basis_rbf,1,kan,lotka_volterra,rbf,tsit5,240,0.002,10000,0.1,2,0.0,163492a,8.828433783492073e-05,0.0,8.701431943336502e-05,0.0,8.733857976039872e-05,0.0,0.9999701380729675,0.0,0.0032504491973668337,0.0,1712.4570903778076,0.0,6.907717704772949,0.0,1680,0.0
ablation_activations,basis_rswaf,1,kan,lotka_volterra,rswaf,tsit5,240,0.002,10000,0.1,2,0.0,163492a,0.00010026992822531611,0.0,0.001461167586967349,0.0,0.0011137041728943586,0.0,0.9994984865188599,0.0,0.01331980898976326,0.0,1715.1240139007568,0.0,8.720882415771484,0.0,1680,0.0
ablation_solvers,solver_dopri5,1,kan,lotka_volterra,rbf,dopri5,240,0.002,10000,0.1,2,0.0,163492a,0.00010330555232940242,0.0,0.00018348019511904567,0.0,0.00016301007417496294,0.0,0.9999369978904724,0.0,0.004720006138086319,0.0,1699.3172137737274,0.0,6.893169403076172,0.0,1680,0.0
ablation_solvers,solver_euler,1,kan,lotka_volterra,rbf,euler,240,0.002,10000,0.1,2,0.0,163492a,0.00013765896437689662,0.0,0.002498371060937643,0.0,0.001895636087283492,0.0,0.9991424679756165,0.0,0.017417123541235924,0.0,253.7037501335144,0.0,8.551480293273926,0.0,280,0.0
ablation_solvers,solver_heun,1,kan,lotka_volterra,rbf,heun,240,0.002,10000,0.1,2,0.0,163492a,8.312095451401547e-05,0.0,0.00030626304214820266,0.0,0.0002492905769031495,0.0,0.9998948574066162,0.0,0.006098111160099506,0.0,499.1152997016907,0.0,7.066560745239258,0.0,560,0.0
ablation_solvers,solver_midpoint,1,kan,lotka_volterra,rbf,midpoint,240,0.002,10000,0.1,2,0.0,163492a,8.852984319673851e-05,0.0,9.238212805939838e-05,0.0,9.139855683315545e-05,0.0,0.9999682903289795,0.0,0.0033492068760097027,0.0,498.24525260925293,0.0,6.955227375030518,0.0,560,0.0
ablation_solvers,solver_rk4,1,kan,lotka_volterra,rbf,rk4,240,0.002,10000,0.1,2,0.0,163492a,9.397595567861572e-05,0.0,9.244873217539862e-05,0.0,9.283865801990032e-05,0.0,0.9999682903289795,0.0,0.0033504143357276917,0.0,1018.5185027122498,0.0,6.875485897064209,0.0,1120,0.0
ablation_solvers,solver_tsit5,1,kan,lotka_volterra,rbf,tsit5,240,0.002,10000,0.1,2,0.0,163492a,8.828433783492073e-05,0.0,8.701431943336502e-05,0.0,8.733857976039872e-05,0.0,0.9999701380729675,0.0,0.0032504491973668337,0.0,1711.534981250763,0.0,6.907717704772949,0.0,1680,0.0
noise,sigma0,1,kan,lotka_volterra,rbf,tsit5,240,0.002,10000,0.1,2,0.0,163492a,8.828433783492073e-05,0.0,8.701431943336502e-05,0.0,8.733857976039872e-05,0.0,0.9999701380729675,0.0,0.0032504491973668337,0.0,1708.2828242778778,0.0,6.907717704772949,0.0,1680,0.0
noise,sigma0.01,1,kan,lotka_volterra,rbf,tsit5,240,0.002,10000,0.1,2,0.01,163492a,0.0001223296276293695,0.0,0.0011945139849558473,0.0,0.000920764752663672,0.0,0.9995899796485901,0.0,0.012043246999382973,0.0,1686.3549492359161,0.0,7.181065082550049,0.0,1680,0.0
noise,sigma0.05,1,kan,lotka_volterra,rbf,tsit5,240,0.002,10000,0.1,2,0.05,163492a,0.0007372710388153791,0.0,0.024740034714341164,0.0,0.018611671403050423,0.0,0.9915081858634949,0.0,0.05480853095650673,0.0,1671.6149578094482,0.0,8.69103717803955,0.0,1680,0.0
noise,sigma0.1,1,kan,lotka_volterra,rbf,tsit5,240,0.002,10000,0.1,2,0.1,163492a,0.002266250317916274,0.0,0.1337018758058548,0.0,0.10014383494853973,0.0,0.954107940196991,0.0,0.12741388380527496,0.0,1533.7913837432861,0.0,9.54536247253418,0.0,1680,0.0
stepsize,dt0.05,1,kan,lotka_volterra,rbf,tsit5,240,0.002,10000,0.05,2,0.0,163492a,9.36435317271389e-05,0.0,0.000136291011585854,0.0,0.0001255153038073331,0.0,0.9999532699584961,0.0,0.0040687513537704945,0.0,3425.351720571518,0.0,7.463673114776611,0.0,3360,0.0
stepsize,dt0.1,1,kan,lotka_volterra,rbf,tsit5,240,0.002,10000,0.1,2,0.0,163492a,8.828433783492073e-05,0.0,8.701431943336502e-05,0.0,8.733857976039872e-05,0.0,0.9999701380729675,0.0,0.0032504491973668337,0.0,1713.1821405887604,0.0,6.907717704772949,0.0,1680,0.0
stepsize,dt0.2,1,kan,lotka_volterra,rbf,tsit5,240,0.002,10000,0.2,2,0.0,163492a,0.0013991271844133735,0.0,0.007748978678137064,0.0,0.006049721967428923,0.0,0.9973463416099548,0.0,0.030532412230968475,0.0,882.0205390453339,0.0,6.639333724975586,0.0,840,0.0
